,Method,Accuracy,Recall,F1 Score,Sensitivity
0,NeoSVM,0.6772727272727272,0.7025974025974026,0.6852438252058265,0.7025974025974026
1,SVM linear,0.624025974025974,0.6987012987012987,0.6501510574018128,0.6987012987012987
2,SVM rbf,0.6655844155844156,0.7545454545454545,0.6929039952295767,0.7545454545454545
3,SVM poly,0.6071428571428571,0.7610389610389611,0.6595385481148003,0.7610389610389611
4,SVM sigmoid,0.5493506493506494,0.5805194805194805,0.5629722921914359,0.5805194805194805
5,KNN 10 neighbor,0.6402597402597403,0.5532467532467532,0.6059743954480795,0.5532467532467532
6,KNN 100 neighbor,0.6363636363636364,0.6480519480519481,0.6405648267008986,0.6480519480519481
7,KNN 500 neighbor,0.5967532467532467,0.6311688311688312,0.6101694915254237,0.6311688311688312
